{
  "QD Score": {
    "x": [
      0,
      50,
      100,
      150,
      200,
      250,
      300,
      350,
      400,
      450,
      500,
      550,
      600
    ],
    "y": [
      0.0,
      7391.297213359133,
      29488.270233336458,
      38693.195385866085,
      42613.33649307301,
      45162.72540486654,
      47786.29814729946,
      50233.700366592544,
      52036.63964089758,
      54094.121871794116,
      57038.317762427105,
      58019.3698025842,
      58915.39495007988
    ]
  },
  "Archive Coverage": {
    "x": [
      0,
      50,
      100,
      150,
      200,
      250,
      300,
      350,
      400,
      450,
      500,
      550,
      600
    ],
    "y": [
      0.0,
      328,
      437,
      463,
      492,
      500,
      529,
      563,
      577,
      580,
      602,
      609,
      612
    ]
  }
}