{
  "QD Score": {
    "x": [
      0,
      50,
      100,
      150,
      200,
      250,
      300,
      350,
      400,
      450,
      500,
      541
    ],
    "y": [
      0.0,
      478.7834759077389,
      859.1608012494976,
      1134.8356085804835,
      1331.10411299059,
      1544.1369006336913,
      1723.2896371634006,
      1955.73831875566,
      2235.6795919529686,
      2443.818545098281,
      2582.321634188899,
      2683.9797425589695
    ]
  },
  "Archive Coverage": {
    "x": [
      0,
      50,
      100,
      150,
      200,
      250,
      300,
      350,
      400,
      450,
      500,
      541
    ],
    "y": [
      0.0,
      816,
      1340,
      1627,
      1837,
      2153,
      2299,
      2509,
      2803,
      2981,
      3113,
      3208
    ]
  }
}