{
  "QD Score": {
    "x": [
      0,
      50,
      100,
      150,
      200,
      250,
      300,
      350,
      400,
      450,
      500,
      550,
      600
    ],
    "y": [
      0.0,
      10038.942537022911,
      14483.349099299656,
      17624.36744098943,
      22059.4398040666,
      25229.907865465913,
      30755.564195187708,
      31778.045906833053,
      32444.308425827618,
      34605.429987205905,
      35716.6905037256,
      36741.05862758699,
      38087.14547368724
    ]
  },
  "Archive Coverage": {
    "x": [
      0,
      50,
      100,
      150,
      200,
      250,
      300,
      350,
      400,
      450,
      500,
      550,
      600
    ],
    "y": [
      0.0,
      464,
      524,
      568,
      583,
      592,
      597,
      600,
      610,
      635,
      637,
      638,
      652
    ]
  }
}