{
  "QD Score": {
    "x": [
      0,
      50,
      100,
      150,
      200,
      250,
      300,
      350,
      400,
      450,
      500,
      550,
      600
    ],
    "y": [
      0.0,
      3815.752836123021,
      6394.99487432681,
      8110.349665068168,
      9818.127645856002,
      10671.443607335406,
      11229.145999584412,
      12740.864258599411,
      13772.587811865684,
      14916.75947861622,
      16039.991305771935,
      17155.99790732433,
      17942.481368841443
    ]
  },
  "Archive Coverage": {
    "x": [
      0,
      50,
      100,
      150,
      200,
      250,
      300,
      350,
      400,
      450,
      500,
      550,
      600
    ],
    "y": [
      0.0,
      205,
      279,
      307,
      328,
      336,
      348,
      357,
      365,
      372,
      379,
      384,
      387
    ]
  }
}