{
  "QD Score": {
    "x": [
      0,
      50,
      100,
      150,
      200,
      250,
      300,
      350,
      400,
      450,
      500,
      541
    ],
    "y": [
      0.0,
      184.0460488256154,
      279.03167329727603,
      360.15134288730667,
      425.76633180350706,
      480.44793475937473,
      522.7009308688723,
      562.4157353262044,
      599.6845707030739,
      635.2463961583204,
      667.7828546255199,
      689.3312121473597
    ]
  },
  "Archive Coverage": {
    "x": [
      0,
      50,
      100,
      150,
      200,
      250,
      300,
      350,
      400,
      450,
      500,
      541
    ],
    "y": [
      0.0,
      337,
      470,
      589,
      684,
      757,
      811,
      869,
      912,
      961,
      1005,
      1031
    ]
  }
}