{
  "QD Score": {
    "x": [
      0,
      50,
      100,
      150,
      200,
      250,
      300,
      350,
      400,
      450,
      500,
      541
    ],
    "y": [
      0.0,
      91.49757147307457,
      114.21984772623317,
      126.64166112077001,
      139.7667761802891,
      147.47971256413678,
      154.6365859004892,
      160.3515039695128,
      164.92679599737247,
      169.82731718670942,
      175.57933665417008,
      177.59403851577596
    ]
  },
  "Archive Coverage": {
    "x": [
      0,
      50,
      100,
      150,
      200,
      250,
      300,
      350,
      400,
      450,
      500,
      541
    ],
    "y": [
      0.0,
      201,
      228,
      254,
      272,
      281,
      289,
      293,
      294,
      301,
      307,
      309
    ]
  }
}