{
  "QD Score": {
    "x": [
      0,
      50,
      100,
      150,
      200,
      250,
      300,
      350,
      400,
      450,
      500,
      541
    ],
    "y": [
      0.0,
      139.80911501358904,
      167.3327763024206,
      181.57259296991427,
      200.88598114692473,
      212.73712134229868,
      220.15607659417054,
      225.2011082352161,
      229.96478100895084,
      233.43674941049588,
      243.25600146066225,
      252.00155132329718
    ]
  },
  "Archive Coverage": {
    "x": [
      0,
      50,
      100,
      150,
      200,
      250,
      300,
      350,
      400,
      450,
      500,
      541
    ],
    "y": [
      0.0,
      244,
      269,
      281,
      302,
      310,
      313,
      316,
      324,
      326,
      335,
      339
    ]
  }
}