{
  "QD Score": {
    "x": [
      0,
      25,
      50,
      75,
      100,
      125,
      150,
      175,
      200,
      225,
      250,
      271
    ],
    "y": [
      0.0,
      3239.5923295454545,
      4290.84375,
      5087.558238636363,
      5747.964488636364,
      6191.372159090909,
      6351.323863636364,
      6726.846590909091,
      6919.355113636365,
      7253.998579545455,
      7619.100852272727,
      8144.512784090909
    ]
  },
  "Archive Coverage": {
    "x": [
      0,
      25,
      50,
      75,
      100,
      125,
      150,
      175,
      200,
      225,
      250,
      271
    ],
    "y": [
      0.0,
      243,
      264,
      275,
      284,
      290,
      297,
      299,
      303,
      308,
      311,
      314
    ]
  }
}