{
  "QD Score": {
    "x": [
      0,
      50,
      100,
      150,
      200,
      250,
      300,
      350,
      400,
      450,
      500,
      550,
      600
    ],
    "y": [
      0.0,
      2474.7534342085137,
      4532.659747016198,
      6240.988608136363,
      7590.040359872975,
      8568.961276014621,
      9913.530271325291,
      10815.674028242971,
      12060.58232104424,
      12934.602681978191,
      13848.448784707365,
      14630.867862863057,
      15213.57372880251
    ]
  },
  "Archive Coverage": {
    "x": [
      0,
      50,
      100,
      150,
      200,
      250,
      300,
      350,
      400,
      450,
      500,
      550,
      600
    ],
    "y": [
      0.0,
      199,
      252,
      276,
      300,
      324,
      344,
      358,
      370,
      382,
      392,
      402,
      409
    ]
  }
}