{
  "QD Score": {
    "x": [
      0,
      25,
      50,
      75,
      100,
      125,
      150,
      175,
      200,
      225,
      250,
      271
    ],
    "y": [
      0.0,
      3186.965909090909,
      4097.204545454546,
      5552.146306818182,
      6693.617897727272,
      7861.137784090909,
      8169.951704545455,
      8961.392045454544,
      9798.954545454544,
      9869.447443181818,
      10069.926136363636,
      10230.193181818182
    ]
  },
  "Archive Coverage": {
    "x": [
      0,
      25,
      50,
      75,
      100,
      125,
      150,
      175,
      200,
      225,
      250,
      271
    ],
    "y": [
      0.0,
      253,
      281,
      291,
      298,
      301,
      304,
      309,
      311,
      312,
      316,
      318
    ]
  }
}